-- phpMyAdmin SQL Dump
-- version 5.1.1
-- https://www.phpmyadmin.net/
--
-- ホスト: 127.0.0.1
-- 生成日時: 2022-01-16 07:35:59
-- サーバのバージョン： 10.4.22-MariaDB
-- PHP のバージョン: 8.0.13

SET SQL_MODE = "NO_AUTO_VALUE_ON_ZERO";
START TRANSACTION;
SET time_zone = "+00:00";


/*!40101 SET @OLD_CHARACTER_SET_CLIENT=@@CHARACTER_SET_CLIENT */;
/*!40101 SET @OLD_CHARACTER_SET_RESULTS=@@CHARACTER_SET_RESULTS */;
/*!40101 SET @OLD_COLLATION_CONNECTION=@@COLLATION_CONNECTION */;
/*!40101 SET NAMES utf8mb4 */;

--
-- データベース: `gsacy_d01_10`
--

-- --------------------------------------------------------

--
-- テーブルの構造 `like_table`
--

CREATE TABLE `like_table` (
  `id` int(11) NOT NULL,
  `user_id` int(11) NOT NULL,
  `todo_id` int(11) NOT NULL,
  `created_at` datetime NOT NULL
) ENGINE=InnoDB DEFAULT CHARSET=utf8mb4 COLLATE=utf8mb4_bin;

--
-- テーブルのデータのダンプ `like_table`
--

INSERT INTO `like_table` (`id`, `user_id`, `todo_id`, `created_at`) VALUES
(22, 1, 8, '2022-01-15 14:45:33'),
(25, 1, 9, '2022-01-15 14:45:34'),
(28, 5, 8, '2022-01-15 14:50:26'),
(29, 5, 6, '2022-01-15 14:50:26'),
(30, 5, 1, '2022-01-15 14:50:26'),
(31, 5, 9, '2022-01-15 14:50:27'),
(32, 1, 6, '2022-01-15 15:32:20'),
(34, 1, 1, '2022-01-15 15:32:22');

-- --------------------------------------------------------

--
-- テーブルの構造 `proto_3_table`
--

CREATE TABLE `proto_3_table` (
  `id` int(11) NOT NULL,
  `date` date NOT NULL,
  `lat` decimal(10,8) NOT NULL,
  `lng` decimal(11,8) NOT NULL,
  `score` int(11) NOT NULL,
  `reason` varchar(30) COLLATE utf8mb4_bin NOT NULL
) ENGINE=InnoDB DEFAULT CHARSET=utf8mb4 COLLATE=utf8mb4_bin;

--
-- テーブルのデータのダンプ `proto_3_table`
--

INSERT INTO `proto_3_table` (`id`, `date`, `lat`, `lng`, `score`, `reason`) VALUES
(12, '2021-12-01', '34.05240000', '131.82900000', 1, '\"未回収物あり\"'),
(13, '2021-12-15', '34.05260000', '131.82900000', 1, '\"未回収物あり\"'),
(14, '2021-12-15', '34.04960000', '131.83100100', 1, '\"未回収物あり\"'),
(15, '2021-12-15', '34.04940000', '131.83200000', 1, '\"未回収物あり\"'),
(16, '2021-12-15', '34.05020000', '131.83100000', 1, '\"未回収物あり\"'),
(17, '2021-12-15', '34.05080000', '131.83200000', 1, '\"未回収物あり\"'),
(18, '2021-12-15', '34.05110000', '131.83100000', 1, '\"未回収物あり\"'),
(20, '2021-12-15', '34.05110000', '131.83100000', 0, ''),
(22, '2021-12-15', '34.05280000', '131.83000000', 0, ''),
(23, '2021-12-15', '34.05280000', '131.83000000', 0, ''),
(24, '2021-12-15', '34.05270000', '131.83200000', 0, ''),
(25, '2021-12-15', '34.05220000', '131.83100000', 0, ''),
(26, '2021-12-15', '34.05210000', '131.83100000', 0, ''),
(27, '2021-12-15', '34.05160000', '131.83100000', 0, ''),
(28, '2021-12-15', '34.05120000', '131.83100000', 0, ''),
(29, '2021-12-15', '34.05070000', '131.83000000', 0, ''),
(30, '2021-12-15', '34.05050000', '131.83000000', 0, ''),
(31, '2021-12-15', '34.05030000', '131.83000000', 0, ''),
(32, '2021-12-15', '34.04960000', '131.83100000', 0, ''),
(33, '2021-12-15', '34.04990000', '131.83100000', 0, ''),
(34, '2021-12-15', '34.05040000', '131.83200000', 0, ''),
(35, '2021-12-15', '34.04970000', '131.83100000', 0, ''),
(36, '2021-12-15', '34.04860000', '131.83200000', 0, ''),
(37, '2021-12-15', '34.05170000', '131.82900000', 0, ''),
(38, '2021-12-15', '34.05170000', '131.82900000', 0, ''),
(39, '2021-12-15', '34.05170000', '131.82800000', 0, ''),
(56, '2021-12-19', '33.57300000', '130.40500000', 0, ''),
(57, '2021-12-19', '33.57010000', '130.40600000', 0, ''),
(58, '2021-12-19', '33.56990000', '130.40700000', 0, ''),
(59, '2021-12-19', '33.56990000', '130.40800000', 0, ''),
(60, '2021-12-19', '33.57130000', '130.40600000', 0, ''),
(61, '2021-12-19', '33.57180000', '130.40600000', 0, ''),
(62, '2021-12-19', '33.57250000', '130.40600000', 0, ''),
(63, '2021-12-19', '33.57260000', '130.40500000', 0, ''),
(64, '2021-12-19', '33.57260264', '130.40494453', 0, ''),
(65, '2021-12-19', '33.57250700', '130.40473200', 0, ''),
(66, '2021-12-19', '33.57235754', '130.40405928', 0, ''),
(67, '2021-12-19', '33.57299424', '130.40429403', 0, ''),
(68, '2021-12-19', '33.57281158', '130.40494179', 0, ''),
(69, '2021-12-19', '33.57224888', '130.40359496', 0, ''),
(70, '2021-12-19', '33.57247534', '130.40379634', 0, ''),
(71, '2021-12-19', '33.57332581', '130.40284521', 0, ''),
(72, '2021-12-19', '33.57367062', '130.40326842', 0, ''),
(73, '2021-12-19', '33.57386566', '130.40300429', 0, ''),
(74, '2021-12-19', '33.57383928', '130.40333856', 0, ''),
(75, '2021-12-19', '33.57391649', '130.40294923', 0, ''),
(76, '2021-12-19', '33.57438978', '130.40228666', 0, ''),
(77, '2021-12-19', '33.57428486', '130.40248823', 0, ''),
(78, '2021-12-19', '33.57456210', '130.40236790', 0, ''),
(79, '2021-12-19', '33.57493792', '130.40251823', 0, ''),
(80, '2021-12-19', '33.57479141', '130.40272998', 0, ''),
(81, '2021-12-19', '33.57466462', '130.40289013', 0, ''),
(82, '2021-12-19', '33.57441738', '130.40307239', 0, ''),
(83, '2021-12-19', '33.57416168', '130.40336996', 0, ''),
(84, '2021-12-19', '33.57406255', '130.40353963', 0, ''),
(85, '2021-12-19', '33.57413518', '130.40361138', 0, ''),
(86, '2021-12-19', '33.57400083', '130.40360816', 0, ''),
(87, '2021-12-19', '33.57397359', '130.40378575', 1, '\"回収不可物が残っている\"'),
(88, '2021-12-19', '33.57380723', '130.40401237', 1, '\"回収不可物が残っている\"'),
(89, '2021-12-19', '33.57538320', '130.40249795', 0, ''),
(90, '2021-12-19', '33.57564820', '130.40277317', 0, ''),
(91, '2021-12-19', '33.57568377', '130.40410502', 0, ''),
(92, '2021-12-19', '33.57577272', '130.40444189', 0, ''),
(93, '2021-12-19', '33.57585002', '130.40444182', 0, ''),
(94, '2021-12-19', '33.57598002', '130.40465353', 0, ''),
(95, '2021-12-19', '33.57593249', '130.40475033', 0, ''),
(96, '2021-12-19', '33.57541285', '130.40443134', 1, '\"適切に分別されていないゴミが放置されている\"'),
(97, '2021-12-19', '33.57540667', '130.40476525', 0, ''),
(98, '2021-12-19', '33.57548929', '130.40486323', 0, ''),
(99, '2021-12-19', '33.57533095', '130.40551896', 0, ''),
(100, '2021-12-19', '33.57499674', '130.40613810', 0, ''),
(101, '2021-12-19', '33.57538792', '130.40626844', 0, ''),
(102, '2021-12-19', '33.57490166', '130.40614371', 0, ''),
(103, '2021-12-19', '33.57468460', '130.40576911', 0, ''),
(104, '2021-12-19', '33.57467495', '130.40563410', 0, ''),
(105, '2021-12-19', '33.57455049', '130.40555261', 0, ''),
(107, '2022-01-16', '34.09390390', '131.39483489', 0, ''),
(108, '2022-01-16', '34.09245890', '131.39310740', 1, '\"テスト\"');

-- --------------------------------------------------------

--
-- テーブルの構造 `todo_table`
--

CREATE TABLE `todo_table` (
  `id` int(11) NOT NULL,
  `todo` varchar(28) COLLATE utf8mb4_bin NOT NULL,
  `deadline` date NOT NULL,
  `created_at` datetime NOT NULL,
  `updated_at` datetime NOT NULL
) ENGINE=InnoDB DEFAULT CHARSET=utf8mb4 COLLATE=utf8mb4_bin;

--
-- テーブルのデータのダンプ `todo_table`
--

INSERT INTO `todo_table` (`id`, `todo`, `deadline`, `created_at`, `updated_at`) VALUES
(1, 'SQL練習', '2021-12-31', '2021-12-11 14:36:37', '2021-12-11 14:36:37'),
(5, 'tesu', '2021-12-10', '2021-12-11 15:11:32', '2021-12-11 15:11:32'),
(6, 'これはすごいねやっべぇぞ', '2021-12-23', '2021-12-11 15:11:50', '2021-12-18 15:03:33'),
(7, 'なるほど～', '2021-12-17', '2021-12-11 15:53:53', '2021-12-11 15:53:53'),
(8, 'test', '2021-12-18', '2021-12-18 13:42:24', '2021-12-18 13:42:24'),
(9, 'functions', '2022-01-01', '2021-12-18 13:47:30', '2021-12-18 13:47:30');

-- --------------------------------------------------------

--
-- テーブルの構造 `users_table`
--

CREATE TABLE `users_table` (
  `id` int(12) NOT NULL,
  `username` varchar(128) COLLATE utf8mb4_bin NOT NULL,
  `password` varchar(128) COLLATE utf8mb4_bin NOT NULL,
  `is_admin` int(1) NOT NULL,
  `is_deleted` int(1) NOT NULL,
  `created_at` datetime NOT NULL,
  `updated_at` datetime NOT NULL
) ENGINE=InnoDB DEFAULT CHARSET=utf8mb4 COLLATE=utf8mb4_bin;

--
-- テーブルのデータのダンプ `users_table`
--

INSERT INTO `users_table` (`id`, `username`, `password`, `is_admin`, `is_deleted`, `created_at`, `updated_at`) VALUES
(1, 'admin', 'admin', 1, 0, '2022-01-08 14:25:14', '2022-01-08 14:25:14'),
(5, 'admin2', 'admin2', 1, 0, '2022-01-08 14:25:14', '2022-01-08 14:25:14');

--
-- ダンプしたテーブルのインデックス
--

--
-- テーブルのインデックス `like_table`
--
ALTER TABLE `like_table`
  ADD PRIMARY KEY (`id`);

--
-- テーブルのインデックス `proto_3_table`
--
ALTER TABLE `proto_3_table`
  ADD PRIMARY KEY (`id`);

--
-- テーブルのインデックス `todo_table`
--
ALTER TABLE `todo_table`
  ADD PRIMARY KEY (`id`);

--
-- テーブルのインデックス `users_table`
--
ALTER TABLE `users_table`
  ADD PRIMARY KEY (`id`);

--
-- ダンプしたテーブルの AUTO_INCREMENT
--

--
-- テーブルの AUTO_INCREMENT `like_table`
--
ALTER TABLE `like_table`
  MODIFY `id` int(11) NOT NULL AUTO_INCREMENT, AUTO_INCREMENT=37;

--
-- テーブルの AUTO_INCREMENT `proto_3_table`
--
ALTER TABLE `proto_3_table`
  MODIFY `id` int(11) NOT NULL AUTO_INCREMENT, AUTO_INCREMENT=109;

--
-- テーブルの AUTO_INCREMENT `todo_table`
--
ALTER TABLE `todo_table`
  MODIFY `id` int(11) NOT NULL AUTO_INCREMENT, AUTO_INCREMENT=11;

--
-- テーブルの AUTO_INCREMENT `users_table`
--
ALTER TABLE `users_table`
  MODIFY `id` int(12) NOT NULL AUTO_INCREMENT, AUTO_INCREMENT=6;
COMMIT;

/*!40101 SET CHARACTER_SET_CLIENT=@OLD_CHARACTER_SET_CLIENT */;
/*!40101 SET CHARACTER_SET_RESULTS=@OLD_CHARACTER_SET_RESULTS */;
/*!40101 SET COLLATION_CONNECTION=@OLD_COLLATION_CONNECTION */;
